,follower_name
0,tkersey
1,njonsson
2,bangpound
3,vincentkoc
4,Rud5G
5,mlsj1
6,jits
7,syug
8,varungupta
9,esneko
10,neopunisher
11,jazzwang
12,begoon
13,fly51fly
14,fallenpegasus
15,fribeiro1
16,brase
17,chchrist
18,massimoselvi
19,ScottJWalter
20,mikeputnam
21,adeelahmad
22,mindcrime
23,informaticadiaz
24,MarceloNascimento
25,skowronek
26,dsoul
27,dmsbilas
28,thimslugga
29,neo01124
30,leecardona
31,threecups
32,shyuan
33,nara
34,dning1
35,openam
36,semsphy
37,DaemonCahill
38,Cambera
39,riyadparvez
40,duanshuaimin
41,nattfodd
42,mitaka
43,ikysil
44,ZhangYunfang
45,temosy
46,threadstonesecure
47,manuelhunziker
48,ambagasdowa
49,daball
50,pedro-lima
51,alexharvey
52,josh-fisher
53,subidit
54,pdevenraj
55,jtmoon79
56,nerandell
57,raghuboosetty
58,tdmalone
59,34code
60,burib
61,whn09
62,bobbyearl
63,figpope
64,alishir
65,ahlfors
66,bsrz
67,mailmahee
68,mihkels
69,daefresh
70,dofstar
71,codee
72,LisaDelaney
73,jojoismael
74,pmanolak
75,kistasi
76,tariqwest
77,jonnynut
78,afelicioni
79,firebitsbr
80,glaucodiogo
81,gunkaragoz
82,manjunathd
83,afonsoalban
84,ewnd9
85,rsaa
86,hvn0413
87,duxing2007
88,ste93cry
89,LightPoincare
90,jloiola
91,kylewburress
92,itanoss
93,anujku
94,thesobercoder
95,bygbyron3
96,rickymaciel
97,KevinGimbel
98,d-shimizu
99,zsp0817
100,konamo
101,bawkingfbi
102,voldyman
103,golf-x
104,alexjennings
105,Spinfusor
106,xiupitter
107,somaditya
108,apjowen
109,usui-tk
110,onenonlycasper
111,dengqixing
112,Davi-He
113,godsoul
114,kumar-nitish
115,toku345
116,snoop0x7b
117,PandaBlessing
118,andyuls
119,juanjoruiz2109
120,mangualero
121,fabianocouto
122,haydenthai
123,yannickboog
124,proverbs53
125,Rajivhost
126,cafedood
127,universewrld
128,dpapageo
129,HJiefeng
130,larsfi
131,kkpan11
132,plumcube
133,magigo
134,ahmadfaizalbh
135,flukebox
136,jakebrinkmann
137,simar1998
138,CheeseTurtle
139,AAbasinejad
140,virtuoushub
141,huamichaelchen
142,mumblepins
143,bingosing
144,sszukala
145,b3nkos
146,bretdarby
147,chrisgoulet
148,srinitude
149,the-watchmaker
150,codinggooner
151,kimpenguin
152,horuszhao
153,pthbinh92
154,mychen-ustc
155,weisberg
156,ace-coder
157,infinitedreams9586
158,tusharsoni08
159,hoansgithub
160,ritesh-singh
161,schallerala
162,alexxyjiang
163,star-fx
164,amavlyanov
165,garciparedes
166,keshabb
167,denu5
168,mcybulski
169,o-kakade
170,designisaverb
171,s0nlxaftrsh0ck
172,jamezrin
173,asadhaye
174,darasat
175,mklemann-com
176,nikkidada
177,tiloyi
178,roykalony
179,zhangxiangdong
180,thomasdalbert
181,LavenderDaisy
182,edisona
183,Steven-Acomb
184,kevcooper
185,jodavaho
186,side9show
187,teeksingh
188,kevingrondin
189,edybrother
190,koyashiro
191,devikirang
192,unlitdev
193,well1791
194,mleziva
195,ajian005
196,ykaidashov
197,ankur-gupta
198,Malacarne
199,anand-b
200,stdexception
201,lackary
202,MatterhornProject
203,tolgabuyuktanir
204,cash2059
205,rajabalaji-mp
206,anobil
207,radiochickenwax
208,THenryT
209,vedamj01
210,cocavo
211,jafferlin
212,yixiuhua
213,rodazuero
214,JustCallMe-AK
215,henriquerick
216,JoeyCai
217,Wyvernslay3r
218,gabrlyg
219,paulosiciliano
220,martinvaldivia
221,rdczhby
222,mys328
223,billykwok
224,andrey-berenda
225,sinhang
226,Pal3love
227,Lakshmiaddepalli
228,mohamed-abdelsattar92
229,rawer886
230,junhong202
231,iamlos
232,thanhcsf
233,junaid109
234,arpitgo4
235,roykhoury
236,bafeiyu
237,Ylmzef
238,pdigennaro
239,everXu
240,anlexN
241,Janujan
242,fwblcz
243,elaineleung
244,djinl520
245,protyay
246,selfishprimate
247,Mwalthery
248,GregAllenSmith
249,zgover
250,avestura
251,aspindle
252,pqrsooo
253,evanshrestha
254,bos-hieu
255,hanautoparts4u
256,sonimonish00
257,ljesparis
258,imvikramn
259,massivelivefun
260,garrettrh
261,adanone
262,ghishadow
263,shower1986
264,mseld
265,JasonYe88
266,seshurajup
267,xiaopizi19
268,pelamlio
269,Asavarkhul
270,ajay340
271,custadian
272,KlwntSingh
273,FelixFeliciant
274,learnerzhang
275,gamedebug
276,jonathanarodr
277,baboooin
278,sadou-bah
279,ZhengChaoqun
280,osama-ahmed
281,nir-zilberman
282,changyongyong
283,bigDP
284,WajahatSiddiqui
285,markjohnlucas
286,Vaibhav
287,manavchoudhary
288,mrcharlierace
289,nikolaospapachristou
290,CallmeTorre
291,jcarlos001
292,vslala
293,peterjlay
294,Ngel-Castro
295,rilek
296,dawei-wang
297,GeoSkiis
298,DominikHorn
299,bptorao
300,JeffUssing
301,edstgo
302,yxblee
303,barisates
304,ankkrish
305,pratickRoy
306,pereirakadu
307,justinsamuel92
308,ryanulep
309,dotsnangles
310,609151318
311,RyanAugust
312,dbarrington
313,knhnd
314,akari0624
315,noid11
316,ioing
317,AruulmozhivarmanS
318,Tusharjagi
319,ivaylo-yordanov
320,rramirez0203
321,emullaraj
322,theranajayant
323,jkjavier
324,mcguegi
325,nbhirud
326,fischerleon
327,UmutSERIFLER
328,zhu0823
329,Joe192168
330,SanHacks
331,LindaHaviv
332,ball582
333,dmitrykrisko
334,qmajid
335,we1l1n
336,jhhe66
337,Almarch
338,thangnm93
339,NikhilRyan
340,dongzhuoyao
341,chenzilu1990
342,alexandregressier
343,jason1004
344,xuelangqingkong
345,godobyte
346,chanffdavid
347,anomaly-88
348,pianwan
349,undabah
350,aymenbelarbi
351,ashish936
352,giotramu
353,0xlkda
354,guilhermebc
355,SMBgurus
356,brentclay
357,mate-h
358,artur-sak13
359,yorshreynoso
360,yehuizhang
361,rubenca01
362,AAdewunmi
363,balao7
364,flaviopavim
365,Zenidog8
366,aiwongs
367,devcang
368,kalsyanpradeep
369,charaton
370,jadanah
371,vonzou
372,montedev0516
373,jaymahfudy
374,maxsxu
375,lavanquan
376,keita-hino
377,KyuDounSim
378,depers
379,Anirudh257
380,jmartins-sh
381,satyarajreddy
382,Prithvish04
383,AnsonHwang86
384,xzm2004260
385,anirudhbagri
386,STCYC
387,rsmelo92
388,Cybercommanders
389,StrangerCoug
390,keren123
391,paraskevasleivadaros
392,Grimgog
393,noodanee
394,nibinjoseph
395,alobe
396,zhuzixian520
397,JadeCong
398,VitorSouza7512
399,ProfessionalBoatDrifter
400,dancause
401,ltlwill
402,graceko22
403,paletode
404,Timotej979
405,erenaslandev
406,BarathEswerN
407,victordrulis
408,serhiiklenachov
409,camerondurham
410,khanhhuy288
411,gstair
412,wwfyde
413,hotsticker
414,ningfc
415,RishabhKr97
416,jmcfayaz
417,jiangoz
418,ardasatata
419,Murplugg
420,tanvirstreame
421,ngocphuc1612
422,kworkbee
423,arnab-ray
424,yuriykuntsyak
425,bahadirsahin
426,SMSesay
427,jamestiotio
428,anuj97
429,yaelBrown
430,motmaytinh
431,desaidn
432,NoxGamingQC
433,aravinthakannan
434,gsrathoreniks
435,lingjiekong
436,diohsb
437,janviyao
438,hijiki51
439,pradeepkni382
440,rdnasim
441,shrinidhibarthur
442,StrangeKnowledgeIncresed
443,canering
444,Austin47
445,shokriw
446,franklin-monreal
447,immangat
448,xxh031203
449,dororoholic
450,chipro
451,lossfunc
452,loumalouomega
453,james-sungjae-lee
454,SamGreenwood1
455,garyhtou
456,d3v2null
457,msweetland
458,ddoron
459,wrslatz
460,fsalhabib
461,jrjm1111
462,mitutitu16
463,ShuhaoZQGG
464,akashsathyan
465,sushant-joshi
466,chrisskhoury
467,djvelimir
468,jeremychauvet
469,alxporto
470,riturajDas
471,Logicus03
472,chinchillajared
473,isabelchaves
474,weegier
475,shikharsaxena98
476,flukelaster
477,rjuer
478,mussieh
479,pawa2007
480,lintsai
481,6thpath
482,CodeWithNJ
483,rockychang7
484,hanwgyu
485,wudangqibujie
486,DihanDai
487,drewfrost
488,chris-c-thomas
489,bixo-d
490,MUmarJaved
491,contimatteo
492,amaankulshreshtha
493,hiromesh
494,surajsahani
495,hackenbacker
496,petronem
497,my1795
498,Pzoom522
499,ilivinus
500,SpeicherA
501,nityansuman
502,akbarboghani
503,hahacyd
504,renyang1
505,wangtiechuan
506,lynmison
507,linshan-ma
508,EngineerMichael
509,anaghkanungo7
510,RickyC0626
511,WladFrazao
512,Ming0217
513,caesar-one
514,rayxwu
515,xuepengwei
516,Ishanna
517,pavankalyan-nvs
518,JoeRMiller
519,luwen193
520,devStarscream
521,nkn6294live
522,FanJups
523,ShwetaShivangi
524,amwi04
525,mnk400
526,pd14196
527,samirdjelal
528,tychodev321
529,TheFJS14
530,Baleryom
531,caitinc
532,jtbiron
533,almokhtarbr
534,andreacip
535,alexanderafanasov
536,duranbe
537,thapaashis110
538,soccernut
539,mdobro1
540,royswale
541,saneknight
542,AnhTrieu
543,janmarkuslanger
544,morinyan
545,gujiacun
546,adileone
547,BIGChask
548,mapjx
549,fuhaoma
550,DXLZ
551,nuffQuantumSayd
552,nfedtech
553,kekemao00
554,lamsd
555,renanmagagnin
556,anuq
557,igorasantos
558,metaphor0
559,iashutoshtiwari
560,yaravi
561,skippermin
562,masakiasami
563,gurtejrehal
564,huannvttd98
565,thatbeautifuldream
566,happyqq
567,PranayKotian
568,wuchunfu
569,venkate5hgunda
570,NousheenAnwar
571,whuhxb
572,ks1990cn
573,ronnielutaro
574,samutich
575,jongan69
576,nmoisess
577,kayericson
578,tjolr
579,LuGO0
580,rishikavikondala
581,lodhik9
582,cultivate5253
583,elafifi
584,akazyti
585,boomer2752
586,Luccasoli
587,benmassaoud
588,abheesht17
589,ShrivatsAgrawal
590,farhan-2202
591,HebaElGalad
592,himanshututeja1998
593,sevenhqj
594,AsadAmir111
595,CWHer
596,Pei1133
597,proKress
598,SamuelMaculuve
599,pasenchenko
600,jinjidong
601,eemailme
602,Nikronic
603,Razdeep
604,jkh920184196
605,jimbrig
606,FenTheDev
607,Dxdzy86
608,ThaoNhienNguyen-Erika
609,chunkSpadunk
610,patrick22414
611,diguapao
612,pseshadri9
613,Jiahuan-Pei
614,AdityaSoni17
615,shelthack
616,dykderrick
617,johngunerli
618,aijls
619,spacefly
620,akashmdkml
621,Menotron
622,smustafa75
623,nanaboat1
624,eshack94
625,S-Swaroop
626,HellCat1024
627,Karim-53
628,EthanC-8
629,nitinnbisht
630,ericpark123
631,Matheus-ESW
632,allenduchaoyuan
633,Yulv-git
634,hexolan
635,moqsien
636,MilleniumSpark
637,sagsango
638,Programador89
639,robertgro
640,JasonMoon95
641,snkd
642,limeng92
643,ronald-balutiu
644,raashidanwar
645,jackpan123
646,bshreddy
647,TsukasaSeto
648,almiracioly
649,PallaviVarandani
650,alvinlal
651,Rookl
652,awabasher
653,Katsukiniwa
654,huuquyet
655,PMcTwist
656,hqng
657,MahaboobDanish
658,rkv0id
659,MadeInLondon
660,SimonVonXCVII
661,sigsant
662,celikgo
663,shiva0612
664,rroohit
665,jk4freedom
666,kyamashiro
667,LasVegasBilly
668,Turbocaspal
669,davnunes
670,afondiel
671,johnnyrtrentin
672,stnorbi
673,stacyrymer86
674,zero-null
675,jh9875
676,odzalasapp
677,eduardoteles17
678,GITWHB
679,DevinByteX
680,ricardosuman
681,mencarellic
682,GitbitGit
683,rabbithophop
684,ftf1218
685,hirawatt
686,adilet-saken
687,marcomamprin
688,Thejuskbenny
689,TomasDavidYe
690,nanaxumu
691,adyilam
692,GabrielFerrante
693,13995595007
694,tinahuang222
695,edgaramirbekian
696,Bhavuk-Garg
697,liwenye123
698,Mzon2857
699,thiagomares
700,skleee
701,mjsheikh
702,anishamalde
703,easy147
704,TeddyCom1
705,prabhumns
706,VSXV
707,HyunjunA
708,harishravi121
709,Habib16051
710,iamharvey
711,rahul-zomato
712,ricardopra
713,avanishvyas
714,inframarauder
715,pacifiocean
716,YjqZhouxiao
717,adhamsalama
718,LuoTailong
719,AtaraxiaZ
720,hyanzhang
721,cooperjaXC
722,sovansambath-phann
723,rkej
724,maxpatiiuk
725,jinshuye
726,ibn-khafagah
727,kartikeytewari
728,md-arfin-cse
729,johncruyff14
730,johan-lab
731,ambanerjee
732,bzamith
733,deviknitkkr
734,Abirul
735,ranefattesingh
736,nesakobi
737,Valairan
738,SnehanjanChatterjee
739,rafaelgustavofurlan
740,yungwarlock
741,hunghg255
742,matoszz
743,andrewdge
744,RobertConde
745,rksamu
746,LiviaKarolayne
747,hartl3y94
748,ramitkataria
749,saarthdeshpande
750,hxinn
751,leechenze
752,Dexterzprotege
753,alan713
754,sandrawilczynski
755,ManojTGN
756,Debarshi95
757,gauharayub
758,gxtsk
759,middas-0706
760,seanwynwins
761,WendyYanto
762,sangamesh-kodge
763,claudsonbarros
764,yotamnahum
765,huiminlim
766,tjykvuo
767,sumukhteja
768,tung1707
769,JankinTian
770,Pcharlot13
771,djmcclary
772,theroyakash
773,sadoreko
774,billsenxu
775,MarcoSantonastasi
776,joanB0ix
777,PureIllusionCo
778,grg124
779,cheungfujai
780,amadsalmon
781,infinitepower18
782,ashr4f1arr2ad
783,akbarabdul80
784,rgdyy
785,YaseenHQ
786,shayanekat
787,fellipematos
788,Disciple0fMarx
789,VE5ETA
790,KlinKlinKlin
791,ishu-thakur
792,devendarsai
793,brijeshbhalodiya
794,zaaakher
795,XRLZX8
796,soumyadbanik
797,zhnzhang
798,yhf98
799,xjhofernandes
800,gauravagrwal
801,torys877
802,juanca-jimi
803,mapy1874
804,JohnDNC
805,zeelsheladiya
806,ImKunYoung
807,EduardHov
808,kamelbendi
809,mitchell-cheng
810,Soumil-Bhattacharya
811,mahmoud-elghonemy
812,johnmccants002
813,samedsemihs
814,jupdec
815,moramadan98
816,aymandarwish
817,mayankvadariya
818,porum
819,HongLouyemeng
820,maniac1122
821,Sambit650
822,haja-fgabriel
823,kohring
824,okonri
825,paulohenz
826,leopoldoH
827,cnhuz
828,liltommy1dev
829,Wwillers
830,owini
831,amirmojarad
832,RichardZj
833,Spiritbocs
834,MarcoSteinke
835,yanquanfahei
836,acox216
837,smy1999
838,switcombe
839,wesleybertipaglia
840,anujchoudhary-17
841,mazrean
842,XrosLiang
843,994Simone
844,matheussooares
845,Mystic-77
846,bruno-aires
847,Jirigesi
848,PerfectYellow
849,imokhtar
850,GvHarish9894
851,ArthurAnastopulos
852,w3dg
853,guilefoylegaurav
854,denmj
855,burakaktna
856,frankxzAmazon
857,Kevinoob-design
858,ericwidjaja
859,mirfanaslam
860,danieloliveira01
861,xiaozhiob
862,u-yas
863,smelouah
864,icqmula
865,ndagan
866,dmascheck
867,Abhirajnow
868,sanjuchandra
869,sadiqshaik123
870,cccaimingjian
871,anurag01a
872,masrafi115
873,Nosckid
874,Liebmann5
875,sm-heard
876,Abhijrathod
877,leonardoknakagawa
878,agastaldellomaccomit
879,steffiypx
880,AdnanAaddi
881,MaxDeveloper16
882,hchen19
883,leonardofhy
884,tenpa007
885,gtrman97
886,clay-curry
887,MuffinAmor
888,amiranbari
889,Natur3-Boy
890,alufena
891,TheShiningVampire
892,rushilenekar20
893,soma2000-lang
894,jin-sungdae
895,quantdevv
896,Anass-23
897,Ayush-Pujari-07
898,songziqwq
899,goillotc
900,prajapati-rasik
901,2019-GitHub-Chu
902,Tarsisnbs
903,qaws7791
904,dylenchang
905,jamesatomc
906,chinkin707
907,azwpayne
908,jflad17
909,fabianozonta
910,frankporco
911,surajongithub1986
912,adithya1010
913,sametcn99
914,Hung-00
915,Aditya-Khemka
916,tamilvanan-b
917,chanwoo00106
918,FrankQixiangGao
919,WonJoongLee
920,alikemalozgumus
921,Codesmaster-lab
922,gwd666
923,dhanrajswami
924,Supriyo8799
925,Maher-RJ
926,Dajun-2019
927,0xa3k5
928,LuanGomes12
929,renatompf
930,stevenrsewell
931,Symon629
932,martintaylor1635
933,kranti2201
934,prad-j
935,jaquespavan
936,nholuongut
937,huiyouyou
938,vignesh5535
939,huai-jie
940,bipin0x01
941,chrichri17
942,GessioMori
943,TylerMamrot
944,danmslamt
945,Pecorari
946,1MuhammadFarhanAslam
947,br8km
948,najmehn00
949,Uplift-0508
950,samtimur
951,ajmalbinnizam
952,TatsuyaNakagoshi
953,jigordev
954,NonymousMorlock
955,EfeAcar6431
956,akinfelami
957,Yongxi-Zhou
958,avstreamdevpro
959,kuzeyerkan
960,SilviuLazar
961,kqiq
962,NaoyaTatetsu
963,mijung-in-11st
964,simonjgr
965,osman-nazir
966,Vigneshkumar212
967,mrwanggang-crazy
968,BraeSleepn
969,avadhutjc
970,MLHaddon
971,Capital-SetMawHtay
972,sumairq
973,jcork4real
974,samr874
975,aditya-repos
976,spencerlepine
977,calbergs
978,yusuke-z
979,Yuri-Mendes
980,jimmysmits
981,Drag0nf1y
982,JohnDoll2023
983,Saipraneeth99
984,sheikhsspear
985,santoshlite
986,leejoonhun
987,mmhamdy
988,lorenonzi
989,baisedongtian
990,arqam365
991,hiyyg
992,zustems
993,VitorAkira-me
994,Jesus-Retr0
995,solfonte
996,PrideStudio
997,DevOps920719
998,Matt-Bulk
999,xiao-cy
1000,meijihatakeyama
1001,galichy79
1002,thefaheemkhan
1003,Flaiers
1004,HenriqueFurtado-Dev
1005,Derokkk
1006,Shahna-C
1007,chosungmann
1008,grahamwaters
1009,deezeddd
1010,jaymepsantos
1011,mohamedhabibwork
1012,Rayane-Aboud
1013,hueiwhfa
1014,anurag1504t
1015,rudra-code-creator
1016,rajveer43
1017,Kushan2k
1018,Thilak-KN
1019,Tiger15cub
1020,AesisGit
1021,rafaelporfiriobarros
1022,OBud75
1023,DonelAdam
1024,yosefkiros
1025,benzebra
1026,HamdanAr
1027,ralintuscano
1028,rhattox
1029,FurkanEdizkan
1030,reaovyd
1031,Tyalor
1032,SegaGLm
1033,celso-na-teixeira
1034,nilesh05apr
1035,EM51641
1036,seanpm2001
1037,thiagomendonca-eu
1038,rainmana
1039,dylanhood
1040,chris0765
1041,JohnPPinto
1042,Pquar
1043,oss-mad
1044,TrNgTien
1045,Mindula-Dilthushan
1046,shuklarituparn
1047,AHANCIT
1048,sebaminaya0
1049,Julieta7312
1050,d-t-n
1051,vinoth-techie
1052,johnzhang3410
1053,rbuchmann77
1054,Ygor-J
1055,Rameshraj55
1056,SeifEldinMohamed
1057,SteCC
1058,daniel-dqsdatalabs
1059,JoseRicardoPE
1060,PhumyJS
1061,yuyingjun0922
1062,shakhzodtojiev
1063,ShabbirHasan1
1064,klkuoguru
1065,vimal-mounish
1066,sumedhdev
1067,ggopal13
1068,angeloS-98
1069,yagikota
1070,DougRog
1071,ipez98
1072,litingyes
1073,buddy1276
1074,rdbender
1075,balajiCubie
1076,uivid64
1077,deevanshu-k
1078,linquint
1079,pjiang15
1080,jeanhackpy
1081,PhaedrusFlow
1082,nguyen-duy-tan
1083,Tpeach9474
1084,KennyOliver
1085,ronnieangeles
1086,drnomader
1087,Lucas-sudo-dev
1088,mahmud0v
1089,carnate-tech
1090,AldairAvelino
1091,mertkilix
1092,Ghost1386
1093,asmnajmussakibkhan
1094,IgorNatann
1095,BashtianDev
1096,harshitclub
1097,ketanxos
1098,Rahul-Biswal-new
1099,istellaliu
1100,QuantumBoy1010
1101,polygonnedpotato
1102,MadushanNimantha
1103,Choikyudong
1104,Harshi-itaSinha
1105,anthowest
1106,emiltervo
1107,gustavoturin
1108,mohd-salem
1109,Infisrael
1110,bjin0822
1111,MateSousa
1112,marcelozepeunam
1113,DeversGigan
1114,canyoldas0
1115,erfuun
1116,madcitymultimedia
1117,arunavabasucom
1118,JonathanCristovao
1119,ugke
1120,Gustavo-Murdiga88
1121,uk-2
1122,Jiyu-Kim
1123,Marsjohn-11
1124,aadarsh-af
1125,karthikmurakonda
1126,fantastic0206
1127,littlelionly
1128,thunder-007
1129,Rahulengineer-spec
1130,ibarraz5
1131,vidda5
1132,AndreiMariciuc
1133,tatvil
1134,michelececcacci
1135,nabeelnoor
1136,sherlcok314159
1137,mist1024
1138,elerner42
1139,leakedmemory
1140,vedantraval2310
1141,juliana-silva-hub
1142,efJerryYang
1143,mrrushikeshdaund
1144,sudongyuer
1145,LlandspitRunzingf
1146,jianan1104
1147,Westsi
1148,AnmolVerma404
1149,JoseLopezSolis
1150,Ashish0898
1151,muratali016
1152,Severus25
1153,ozancck
1154,farinaceos
1155,zamoosh
1156,KISHORE-KUMAR-S
1157,aravhawk
1158,anadeem2
1159,VincentIhab
1160,Vaema
1161,natdosan
1162,ManojJ07
1163,strymon94
1164,VictorSordi
1165,cx63cc
1166,riadelimemmedov
1167,ForBai
1168,David7ce
1169,EduardoCorazon
1170,aoshenx
1171,DamonAustin
1172,b1shtream
1173,sozelfist
1174,itsRealEllis
1175,weiliw-amz
1176,llllllilllilliii
1177,ooooo333i
1178,VenuGarlapati26
1179,samliu90
1180,gerald924
1181,FukazawaKazushi
1182,TheTrueKen
1183,arsal28
1184,TakahirosGithub
1185,freelancer79
1186,StephenOravec
1187,sccvn
1188,yaroslav-honchar
1189,sbdeveloper90
1190,BilgeBalga
1191,loupprodi
1192,shirushi-dev
1193,Samruddhi362
1194,lettymoon
1195,clearljn
1196,karishma502
1197,jiaweicai92
1198,Mairobinsky
1199,pritamkpratihari
1200,HenryDV
1201,lechiluan
1202,uDanielBispo
1203,bhavikg-dev
1204,federicoreppucci-deliveroo
1205,buiquangthanhcode
1206,Jibe7
1207,MJ-Tech-H
1208,KendallDoesCoding
1209,Shrey-Srivastava21
1210,niravpi
1211,Itisjigar
1212,piyusagr
1213,junzmint
1214,enricoasc
1215,rakshit782
1216,PoojithaIrosha
1217,adnene-guessoum
1218,Yajie-Zhang
1219,huseyingirgin-eva
1220,script-lab
1221,ccampa896
1222,Nandita-SB123
1223,protechq88
1224,poojasundar15
1225,me-deshpande
1226,gaallmin
1227,Ahmedhamza1232001
1228,quirksalot
1229,nurullah-arican
1230,imRHB
1231,ariyandevanand
1232,ishika1501
1233,mdzaberalhamid
1234,MuziZwane
1235,ahamedrujhan
1236,batz-gg
1237,jmoore78
1238,saitejar110507
1239,ekaterina4952
1240,KalvenDebig
1241,kumartul
1242,eaxoy
1243,charan11sv
1244,YoliswaD
1245,frankpengau
1246,wanjanhasan
1247,nalinverma03
1248,Phillipe-Hugo
1249,Hoanganhvu123
1250,ndnan
1251,MarshallOkafor
1252,NickMezacapa
1253,fedebayer
1254,xwillxu
1255,danielaiyuan
1256,tkm9602
1257,NavratanPatel
1258,Paarasjoshi
1259,RajeevRanjan27
1260,Tahsin411934
1261,Samruddhiiii
1262,fvarghese99
1263,rediahmds
1264,nishantb06
1265,Louuuaiii
1266,Akash-Adhya
1267,FelipeFama
1268,marcusPrado02
1269,Arshu200
1270,josephmartinmoran
1271,AndreCoutinhom
1272,natamartins
1273,techlobster
1274,elcnu986
1275,sssamm29
1276,NChub
1277,techprogo
1278,mgaspirc
1279,SarfarajRahmn
1280,Aniketchaudhary16
1281,JeromeXapix
1282,ClaudiaA18
1283,stoicsapien1
1284,feyzamiynat
1285,ElizabethJoseph25
1286,dfordp
1287,Manbendra2014
1288,Saleheddin
1289,qMikeehxz
1290,enVId-tech
1291,heshara2000
1292,Saba42V
1293,Shahid6289
1294,henry-vipnet360
1295,kishanK111
1296,thrashghost
1297,prejin2310
1298,alismask
1299,rodrigommar
1300,Sudhanva-Nadiger
1301,FelipeBNascimento
1302,ethangtkt
1303,mb4m1
1304,Lucas1114
1305,puppsupr
1306,neox-d
1307,naji0329
1308,SuperSmile0109
1309,Giasinit
1310,apella1
1311,0laday0
1312,pannacottaaaa
1313,mars-aria
1314,RichardMulambuzi
1315,RYANFRANKLIN237
1316,shfjdgadg
1317,Thund3rHawk
1318,LaughingJackalope
1319,arsg0etia
1320,ygill-bsci
1321,isaacbrendel
1322,Avidlearner001
1323,zagui-master
1324,Ganesh972
1325,marupon3910
1326,Fuko-Ibuki
1327,supbrice
1328,black-mold
1329,BrunoGr0883
1330,tomgangwang
1331,emmyoh
1332,alxnjalex
1333,molochnyh
1334,leonardonakagawa
1335,chkp-bryans
1336,hgnzheng
1337,itsagurin
1338,sghost13
1339,SpikyWU7
1340,devsantiag
1341,shashank-mishra14
1342,missAnneThorpe
1343,KhaleelMuhd1998
1344,KoolSoul
1345,Naveen2334
1346,IAMPARSI
1347,LeonMS123
1348,HarshitC-27
1349,nosh09
1350,Angie-Zhang
1351,skycomestatus
1352,Vladdstian
1353,satayuji
1354,HJPandey
1355,ryanherd
1356,AmineLemsih
1357,gremsyQuanLe
1358,LKChigumadzi
1359,Kenaaaaaa
1360,koray-aydin
1361,jlggnss
1362,lchen104
1363,RahulDubey391
1364,SnKToR
1365,Rupesh510
1366,vatsal-30
1367,akshit2257
1368,pppppyamaP
1369,Trik01
1370,shezaadahmed
1371,zahidhussain998
1372,hemsridh
1373,Vijay3725
1374,DDDavey
1375,adoussal
1376,iopebiel
1377,lowep
1378,yolo102938
1379,FlawlessCasual17
1380,dhineshprabakaran
1381,qdclub
1382,asimpson0000
1383,dmytrochumakov
1384,thatme12
1385,Nico-Gabriel
1386,JaRLenZhang
1387,The-code-is-secret
1388,jeremyw-dobeu
1389,christine-sandbox
1390,Comosaycomosah
1391,maxrathmann
1392,AaronSMathew
1393,FIDEL7Z
1394,rohit250799
1395,MirboboyevJasurjan
1396,General-MP
1397,lucasaraujodev
1398,vishaal3301
1399,aka5050
1400,truemanstock
1401,tori-ham
1402,Valadares24
1403,wanshiyule
1404,boscotba
1405,jasonthedataguy
1406,AContesini
1407,julianomolinari
1408,Ponthezs
1409,frHimanshu
1410,xMxrgan
1411,mottamatheus835
1412,akhmadmamirov
1413,ParagDD
1414,bourbakiN97
1415,Myceliose
1416,mil2tech
1417,menawi
1418,007nishan
1419,ad0niram
1420,chrisgomad
1421,looooooooy
1422,ayitharevanth
1423,Ashishh0007
1424,seespike
1425,ropdias
1426,penguinpottery
1427,crr-bbai
1428,ComprehensiveAmoeba
1429,RohithTurlapati
1430,andedavd
1431,WLHQ
1432,manuelortizus
1433,aibolu
1434,MaxBryne
1435,Frisek
1436,shanenichols-channeladvisor
1437,mircoisendu
1438,soriqoo
1439,doy209
1440,ThecoderPinar
1441,romans1234
1442,silviana-hs
1443,Oustra
1444,risingcurve
1445,omerkawaii
1446,ViniciusSilva97
1447,rigvedp97
1448,sahanediriweera
1449,Raghavendra-Yadav
1450,jcf170030
1451,vladelets-vselennoy
1452,ThomasCode92
1453,paulaPSOx
1454,Pranav-raja
1455,rsenthur
1456,xmartinsbr
1457,DhrubajyotiBiswasfounderofDribll
1458,alpharomercoma
1459,JulienCamp
1460,ryan-w-roche
1461,montyma-amazon
1462,BryantVencil
1463,Vasco-Arts
1464,YgorAlcantara
1465,akshaygp18
1466,AgentofPhoenix
1467,JapnoorHere
1468,Zaka123456
1469,Pulimi1991
1470,modabossymaxk
1471,gurawliprakhar
1472,MaizeShark
1473,xingole
1474,Isu-Patel
1475,Janxxxx
1476,chukstochi
1477,srdegbe
1478,chuzairnisar425
1479,IzaacCoding36
1480,Emzie2212
1481,chacin04
1482,pushkarcode
1483,bbazwalt
1484,zhaoyumin2022
1485,Calum09
1486,anbinh93
1487,tnrjr
1488,Itzkuldeep444
1489,rafaelgandis
1490,iamchiranjeebpanda01
1491,wsa0227
1492,gsoni1
1493,aniruddhawathare
1494,Qianru69
1495,samiamorshed
1496,mrlizhaozhi
1497,soorajaryan007
1498,IKashCode
1499,Anmol5519
1500,krishnaghugare
1501,fernandobraz88
1502,bhargavbijjam
1503,Lucasqrz1
1504,sachin21t
1505,RomDev7
1506,doski22
1507,allaboutevemirolive
1508,hongbo-wei
1509,mdhumairraza
1510,Laindrion
1511,kdelcampo13
1512,Hoppeful
1513,vaddikeshavareddy
1514,MahdiCodee
1515,DonzerHD
1516,darenj456
1517,coder-nian
1518,shubmanh
1519,kybex11
1520,VasanthamHimaanshu
1521,luizvulpi
1522,SvipWangyh
1523,innocentc
1524,gtamaral
1525,1jana0
1526,beyzaaydogan01
1527,ardattoprak
1528,Armkas
1529,weeeam
1530,mgtian03
1531,Vincent-Y5
1532,GuilhermeeCustodio
1533,rajwadejii
1534,carlosgomezi
1535,fevziismailsahin
1536,Prateek-Wayne
1537,kanaksad
1538,1allan2
1539,RaviYadav02
1540,DadMouth82
1541,jvitorlk
1542,Su-Tcode
1543,andrefmmartins
1544,gitteedara
1545,iam-back
1546,Ananya2311
1547,MaxwellNi
1548,eloidieme
1549,winfredbo
1550,DeclanGH
1551,xcrar
1552,Sheepdog2022
1553,Salvapazzo86
1554,Mohamed988o
1555,jessepeq23
1556,htiennv
1557,Shashank1407
1558,AngelCen14
1559,rsmaayon
1560,jouaraujo
1561,ali-fraz
1562,Mahfuz-00
1563,AleCM8821
1564,sbaws
1565,rany01
1566,Anis-Web
1567,Ig0rFA
1568,Som-III
1569,mparameshkumar
1570,wshanleee
1571,ansh2903
1572,konpap-chan
1573,LuizGup
1574,JMauro10
1575,sudoblanc
1576,Arun-gox
1577,DominikWunderlich
1578,amitsingh2022
1579,misaelsp
1580,developer1618
1581,JaafarLezzaik
1582,AliHossam98
1583,0xshii
1584,Renpeng01
1585,shanechioa
1586,LekshmiPrakashhh
1587,pchalise7
1588,Eleutber
1589,Valliebby
1590,camilasoares045
1591,poemww
1592,vasanthbanoth
1593,Sray47
1594,johnvesslyalti
1595,Alexdon1988
1596,jinholee-lab
1597,aminbiography
1598,Svetozara3363
1599,alejandro-requena-cervera
1600,MarcelloCordal
1601,github-world192
1602,rajeshkanugu
1603,sivalaxman07
1604,Chetan-Patil-52
1605,oohcopy
1606,raphaelguardiano
1607,choiruddine
1608,Nithin-singiri
1609,adiibnuajat
1610,mahathibodela
1611,krishnagptamcs
1612,yanwei257
1613,sergiojfsunior
1614,Mjawadasad
1615,GiuLOCX
1616,L-Alexandre
1617,Sebastiaanel
1618,saikot-shahriyar
1619,firefitdesgns
1620,eladhon
1621,themrhoffmann
1622,guachonomez
1623,mgrundwuermer
1624,ryanAMZN
1625,Philipabao
1626,Chadkendu
1627,Olaffson
1628,Hamza-H10
1629,Serenitychic
1630,FranPiBe
1631,karthik121222
1632,AbhisekWebDev
1633,timboslice832
1634,braedonbillingsley
1635,gilleswb
1636,Naruto-79
1637,aostar168
1638,shivam-tadas
1639,tinajiang26
1640,marcosdataleal
1641,Rhettliu66
1642,nandarshan
1643,HappyMicky0317
1644,Andrei-Boghiu
1645,martinOofay2023
1646,josielabreu
1647,Wuzoobia
1648,VISHALVARUN011002
1649,dkapt
1650,ColdCodedotso
1651,19raulruiz68
1652,zaim03767
1653,Nanigullipalli
1654,imishangrover
1655,wiscdn
1656,ortanaV2
1657,sks972
1658,TheReDNooB
1659,benthvmas
1660,omarhabd
1661,Kayra-Baran
1662,purushoth2603
1663,ywangire
1664,ZenShuHara
1665,lucaxchen
1666,chende1121
1667,RamiroBalbo
1668,nbinmostafa
1669,TF-185
1670,mdadnankh
1671,VidhiS07
1672,Bassamejlaoui
1673,AleMartins2023
1674,JCOOPER5646
1675,danylo-miranda
1676,SangaoWe
1677,Maycon-dSilva
1678,viktorhuszag
1679,imanol-2021-12
1680,andregustavoaguiar
1681,aws-apradana
1682,choimikey
1683,nazidul
1684,yudai-shibuya
1685,datamoro
1686,KAEWPRASITKRAN
1687,don-glover
1688,Maycon-Melo
1689,lanjua5899
1690,TheWitchySarz
1691,JStk-Dev
1692,notjustjoshin
1693,niveshatom11
1694,MaximilianBuchwald
1695,amenihong
1696,MT-Designs
1697,ShlokVFX
1698,ben9672
1699,YuvalYanay
1700,aristo-alex-develops
1701,Abeldsonndiku
1702,WIN1NG22
1703,GauravDevOps711
1704,BogdanKlimov11
1705,S-PScripts
1706,thiagomorais87
1707,gitgptmin1973
1708,PatientProblemSolver
1709,jiang3d
1710,the-new-fifty-two
1711,AnaRaquelCarvalho
1712,DavideSchirru17
1713,RajVishal7
1714,ykkalexx
1715,thinkerZz
1716,Toony-mahmoud-saad
1717,joaovgcoelho
1718,V-AI-ML-DL-DS-PL-PYTHON-JAVA-GO-2023-0
1719,tree-shrew
1720,Amisha-verma2907
1721,ocupadaparavc
1722,nogueiralf
1723,zactseng
1724,ricberht
1725,ChamelePhantom
1726,abolfazlhajjar
1727,Tariq-Anjum
1728,vedamjamz
1729,adminjd
1730,amandageovanna
1731,collinfung
1732,justzh
1733,Untilme
1734,Mrisuk
1735,Zzzyyy2023
1736,ManishaBathini
1737,Chrishargrove58
1738,Kikikickss
1739,luneto10
1740,538mansi
1741,Chris255202
1742,INGVARtattoodjnWEBdev
1743,PPCXZ
1744,arjun-ghose
1745,cvs0
1746,ZumaGr
1747,worriedape
1748,iwauta049
1749,NikunjWorkDo
1750,rshuba4
1751,sairavi5887
1752,ravigiri91
1753,dminduca
1754,nareshns2004
1755,robin7-mac
1756,Euviniciuscouto
1757,LEO-Bloody-Sweet
1758,Merin-jai
1759,ThokozaniMntambo
1760,vx-vijay
1761,Sofyaolvs
1762,Trupti0705
1763,Valoron
1764,acya-amazon
1765,kidu-s
1766,unstatistical
1767,GiorgioAntonelli94
1768,niroshinimurugadas
1769,chrixcrusher
1770,harishravi131
1771,wishspotting
1772,harishravi141
1773,harishravi151
1774,luisdavidpaz
1775,nfrwt
1776,JustSouichi
1777,suncoastcloud
1778,rainzhang05
1779,Nikhildsaroj
1780,Pranavprasadsinghs
1781,augustomangini
1782,CS-Explorer
1783,miguelkuter
1784,JeromeyDynamics
1785,Pymster
1786,Sethfire2
1787,sfc-gh-cmilton
1788,Guilhermedev9
1789,SavetoAI
1790,KP543
1791,pawanscales
1792,the3letterscompany
1793,unitop010
1794,ANVESHBV
1795,emrecirik
1796,tufanbil
1797,iamakachili
1798,Jacqueto
1799,arturogaitatzis
1800,Morkonian9
1801,beverlymallen
1802,NikolaiYYDS
1803,tayfunkilinc
1804,lucasm-paixao
1805,y-hbb
1806,HkDotPY
1807,Bishal-11
1808,yashprogrammers
1809,goeo1066
1810,GitHub7667
1811,RaphaelCaamano
1812,baecentral
1813,cstiago
1814,SnorlaxCansado
1815,rahulnuvo
1816,natamartinscodedev
1817,abhisekde96
1818,applications-engineering
1819,JeffreyLaederach
1820,arch1024
1821,remotemommy
1822,Sameerkhansabri
1823,SA-Official
1824,XQH139
1825,Kishore1284
1826,Disnord
1827,AbdullahKhalide
1828,sadiya21162-45
1829,theHeadlessGrapes
1830,3d01
1831,priyanshu052004
1832,RuanGaldino
1833,FlipGeorgios
1834,mohamedahmedch
1835,negoceio
1836,a8m1r
1837,anthonybiondojr
1838,zhuofuAMZ
1839,caimindy
1840,Dereck234
1841,WorananH
1842,CauaFChristoni
1843,sushilkumardev
1844,PreciousSingletary
1845,valuezon-team
1846,manojchandra10
1847,rasmimihub
1848,nihanth1234
1849,rsmelonw
1850,vitorinodpadua
1851,DarkCodeStudios
1852,the-vishh
1853,Rumie01
1854,Atnatewoss
1855,nickdengamazon
1856,jaiprakashbhola
1857,fbrunamiranda
1858,iirachet
1859,chuqiang188
1860,Ian2027
1861,J4R3D5
1862,firascoding
1863,sourenroy
1864,MominIshaque
1865,kavin-raja-d
1866,Eprashanth04
1867,kyawtiz
1868,arihitaD
1869,Michael-Kernel
1870,SkyeCai0608
1871,GeekAmir
1872,bbg-it
1873,thankful-kitt
1874,PauloDevelop01
1875,tpna
1876,ShinyaOkayama
1877,NmtDlrCkn
1878,AbolfazlPoornaderiyan
1879,Djeanii
1880,harish-zuper
1881,bear-dotcom
1882,Robertrabbit0802
1883,godkerbi
1884,AKJUS
1885,Administrator33
1886,DennisEms
1887,jcjiacheng
1888,GalaxaIn
1889,jpdgz2002
1890,omarmoashraf
1891,mohammadmehrani83
1892,Sr-Serda
1893,philquist
1894,EsadCakinPD
1895,K437-max
1896,Jayveer-Singh0017
1897,joaoschs
1898,Yasaswini-Yasaswini
1899,github-audiyang
1900,mikey-sys
1901,Tejas7k
1902,Pascal-Felis
1903,HiagoPetry
1904,Hitalo-Uzan
1905,mariipaiva
1906,Eduardo7coelho
1907,crypto820
1908,fbaravalle-arit
1909,BoyFromDelaware
1910,ElSchutzL
1911,Himmu-52
1912,ezatk
1913,jvieira209
1914,20240906book
1915,tomliked
1916,zeroone98
1917,455272
1918,kalgiswar
1919,Smit275-z
1920,sapiendummy
1921,Johnny5x5
1922,ahcetse
1923,Sonne40
1924,sriishtyb
1925,ElfarraDev
1926,micwilsoneng
1927,anup-aws
1928,3r3m1t3
1929,Aryukt
1930,ikomers-dev
1931,recconect-max
1932,80968133
1933,felixword
1934,favieok
1935,Fritz8887
1936,jeyaganeshan-dev
1937,Len1na
1938,saqib-76340
1939,Larasho6
1940,Sahiscs8
1941,hironb
1942,Riseandenjoy77
1943,malisohail72
1944,W3nde11
1945,vitoralexx
1946,Destr0rso
1947,noideawhatimdoing-llm
1948,sivaduraiAmz
1949,renatzef
1950,Yezbyte
1951,PatrickCarvalho7
1952,SuicideSquad6969
1953,yzw2024
1954,montana64
1955,lbulhoess
1956,hatimharrati
1957,ShangRuYu
1958,nl-taiga-s
1959,murtinonline
1960,andre-tagliaferro
1961,tiago-santos1993
1962,YuriGodoy
1963,shiv-amazon
1964,dwaz8
1965,DecryptMike
1966,almc1977
1967,SchutzL22
1968,nandhancmd
1969,yassinebelaid05
1970,Sanoj88
1971,RonyKVilar
1972,ProgrammerKR
